validity,proximity
0.6571428775787354,90.16265869140625
